{
  "AuthType": "google",
  "GoogleUsername": "glppetz123@gmail.com",
  "GooglePassword": "ton35frt",
  "PtcUsername": "null",
  "PtcPassword": "null",
  "UseProxy": false,
  "UseProxyHost": null,
  "UseProxyPort": null,
  "UseProxyAuthentication": false,
  "UseProxyUsername": null,
  "UseProxyPassword": null,
  "DevicePackageName": "asus-zenfone2",
  "DeviceId": "00828f4e513e3dfe",
  "AndroidBoardName": "moorefield",
  "AndroidBootloader": "",
  "DeviceBrand": "asus",
  "DeviceModel": "ASUS_Z00AD",
  "DeviceModelIdentifier": "WW_Z00A",
  "DeviceModelBoot": "qcom",
  "HardwareManufacturer": "asus",
  "HardwareModel": "ASUS_Z00AD",
  "FirmwareBrand": "WW_Z00A",
  "FirmwareTags": "release-keys",
  "FirmwareType": "user",
  "FirmwareFingerprint": "asus/WW_Z00A/Z00A_1:5.0/LRX21V/2.20.40.194_20160713_6971_user:user/release-keys"
}